{"cameraMode":{"drawMode":0,"name":"Shaded","section":"Shading Mode"},"sceneLighting":true,"audioPlay":false,"sceneViewState":{"showFog":true,"showMaterialUpdate":false,"showSkybox":true,"showFlares":true,"showImageEffects":true,"showParticleSystems":true},"in2DMode":false,"pivot":{"x":4.231235504150391,"y":5.388087272644043,"z":-2.4850351810455324},"rotation":{"x":0.05277888849377632,"y":-0.6932705044746399,"z":-0.05103757604956627,"w":-0.7169279456138611},"size":16.488264083862306,"orthographic":false}