{"cameraMode":{"drawMode":0,"name":"Shaded","section":"Shading Mode"},"sceneLighting":false,"audioPlay":false,"sceneViewState":{"showFog":true,"showMaterialUpdate":false,"showSkybox":true,"showFlares":true,"showImageEffects":true,"showParticleSystems":true},"in2DMode":false,"pivot":{"x":30.31393814086914,"y":1.845738410949707,"z":4.5546875},"rotation":{"x":-0.005003464873880148,"y":-0.9944445490837097,"z":0.05587112531065941,"w":-0.08907041698694229},"size":45.993289947509769,"orthographic":false}