{"cameraMode":{"drawMode":0,"name":"Shaded","section":"Shading Mode"},"sceneLighting":true,"audioPlay":false,"sceneViewState":{"showFog":true,"showMaterialUpdate":false,"showSkybox":true,"showFlares":true,"showImageEffects":true,"showParticleSystems":true},"in2DMode":false,"pivot":{"x":-6.306214332580566,"y":2.4905245304107668,"z":-3.5484578609466554},"rotation":{"x":-0.3026902377605438,"y":-0.31261345744132998,"z":0.10582765936851502,"w":-0.8941207528114319},"size":5.472431182861328,"orthographic":false}